{
    "appKeys": {
        "dummy": 0
    },
    "capabilities": [
        ""
    ],
    "companyName": "Pebble",
    "longName": "ActionMenu Multi-level",
    "projectType": "native",
    "resources": {
        "media": [
            {
                "file": "images/music_icon_ellipsis.png",
                "name": "ELLIPSIS",
                "type": "png"
            }
        ]
    },
    "sdkVersion": "3",
    "shortName": "ActionMenu Multi-level",
    "targetPlatforms": [
        "aplite",
        "basalt"
    ],
    "uuid": "637b3049-04fa-49d0-96d6-7bc844fcf38f",
    "versionLabel": "1.0",
    "watchapp": {
        "watchface": false
    }
}
